-- phpMyAdmin SQL Dump
-- version 5.0.1
-- https://www.phpmyadmin.net/
--
-- Φιλοξενητής: 127.0.0.1
-- Χρόνος δημιουργίας: 05 Αυγ 2020 στις 16:08:27
-- Έκδοση διακομιστή: 10.4.11-MariaDB
-- Έκδοση PHP: 7.2.27

SET SQL_MODE = "NO_AUTO_VALUE_ON_ZERO";
SET AUTOCOMMIT = 0;
START TRANSACTION;
SET time_zone = "+00:00";


/*!40101 SET @OLD_CHARACTER_SET_CLIENT=@@CHARACTER_SET_CLIENT */;
/*!40101 SET @OLD_CHARACTER_SET_RESULTS=@@CHARACTER_SET_RESULTS */;
/*!40101 SET @OLD_COLLATION_CONNECTION=@@COLLATION_CONNECTION */;
/*!40101 SET NAMES utf8mb4 */;

--
-- Βάση δεδομένων: `museumdb`
--

-- --------------------------------------------------------

--
-- Δομή πίνακα για τον πίνακα `users`
--

CREATE TABLE `users` (
  `user_id` int(50) NOT NULL,
  `name` varchar(40) NOT NULL,
  `surname` varchar(40) NOT NULL,
  `email` varchar(320) NOT NULL,
  `password` varchar(120) NOT NULL,
  `birthday` date NOT NULL,
  `username` varchar(50) NOT NULL
) ENGINE=InnoDB DEFAULT CHARSET=utf8mb4;

--
-- Άδειασμα δεδομένων του πίνακα `users`
--

INSERT INTO `users` (`user_id`, `name`, `surname`, `email`, `password`, `birthday`, `username`) VALUES
(4, 'Nikos', 'Koutroumanis', 'pcst19011@uop.gr', '12345', '2020-06-02', 'NikosKoutroumanis'),
(15, 'Kostas', 'Laloudakis', 'klaloudakis97@gmail.com', 'kostas', '2020-07-01', 'KostasLaloudakis');

-- --------------------------------------------------------

--
-- Δομή πίνακα για τον πίνακα `user_rooms`
--

CREATE TABLE `user_rooms` (
  `user_rooms_id` int(50) NOT NULL,
  `name` varchar(40) NOT NULL,
  `user_id` int(11) NOT NULL
) ENGINE=InnoDB DEFAULT CHARSET=utf8mb4;

--
-- Άδειασμα δεδομένων του πίνακα `user_rooms`
--

INSERT INTO `user_rooms` (`user_rooms_id`, `name`, `user_id`) VALUES
(48, 'museum_1', 15),
(49, 'museum_1', 4),
(50, 'museum', 4),
(51, 'kati', 4),
(52, 'kati2', 4),
(53, 'kati3', 4);

-- --------------------------------------------------------

--
-- Δομή πίνακα για τον πίνακα `visitors`
--

CREATE TABLE `visitors` (
  `visitors_id` int(255) NOT NULL,
  `path` varchar(1000) NOT NULL,
  `number_visitors` int(100) NOT NULL,
  `room_id` int(255) NOT NULL
) ENGINE=InnoDB DEFAULT CHARSET=utf8mb4;

--
-- Άδειασμα δεδομένων του πίνακα `visitors`
--

INSERT INTO `visitors` (`visitors_id`, `path`, `number_visitors`, `room_id`) VALUES
(928, '1,2,3,4,5,6,7,8', 5, 48),
(929, '1,2,3,4,5,6,7,8', 5, 48),
(930, '1,2,3,4,5,6,7,8,9', 20, 49),
(931, '5,8,2,9,3,4', 50, 49),
(932, '1,2,3,4,5', 10, 49),
(933, '1,2,3,4,5', 2, 49),
(934, '1,2,3,4,5', 1, 49),
(935, '8,9,10,11,5', 4, 49),
(936, '1,11,2,4', 4, 49),
(937, '1,2,3,4,5,6,7,8,9,10,11', 80, 49),
(938, '1,2,3,4,5,6,7,8,9,10,11', 80, 49),
(939, '1,2,3,4,5,6,7,8,9,10,11', 80, 49),
(940, '1,2,3,4,5,6,7,8,9,10,11', 100, 49),
(941, '1,2,3,4,5,6,7,8,9,10,11', 100, 49),
(942, '1,2,3,4,5,6,7,8,9,10,11', 100, 49),
(943, '1,2,3,4,5,6,7,8,9,10,11', 100, 49),
(944, '1,2,3,4,5,6,7,8,9,10,11', 100, 49),
(945, '1,2,3,4,5,6,7,8,9,10,11', 100, 49),
(946, '1,2,3,4,5,6,7,8,9,10,11', 100, 49),
(947, '1,2,3,4,5,6,7,8,9,10,11', 100, 49),
(948, '1,2,3,4,5,6,7,8,9,10,11', 100, 49),
(949, '1,2,3,4,5,6,7,8,9,10,11', 100, 49),
(950, '1,2,3,4,5,6,7,8,9,10,11', 100, 49),
(951, '1,2,3,4,5,6,7,8,9,10,11', 100, 49),
(952, '1,2,3,4,5,6,7,8,9,10,11', 100, 49),
(953, '1,2,3,4,5,6,7,8,9,10,11', 100, 49),
(954, '1,2,3,4,5,6,7,8,9,10,11', 100, 49),
(955, '1,2,3,4,5,6,7,8,9,10,11', 100, 49),
(956, '1,2,3,4,5,6,7,8,9,10,11', 100, 49),
(957, '1,2,3,4,5,6,7,8,9,10,11', 100, 49),
(958, '1,2,3,4,5,6,7,8,9,10,11', 100, 49),
(959, '1,2,3,4,5,6,7,8,9,10,11', 100, 49),
(960, '1,2,3,4,5,6,7,8,9,10,11', 100, 49),
(961, '1,2,3,4,5,6,7,8,9,10,11', 100, 49),
(962, '1,2,3,4,5,6,7,8,9,10,11', 100, 49),
(963, '1,2,3,4,5,6,7,8,9,10,11', 100, 49),
(964, '1,2,3,4,5,6,7,8,9,10,11', 100, 49),
(965, '1,2,3,4,5,6,7,8,9,10,11', 100, 49),
(966, '1,2,3,4,5,6,7,8,9,10,11', 100, 49),
(967, '1,2,3,4,5,6,7,8,9,10,11', 100, 49),
(968, '1,2,3,4,5,6,7,8,9,10,11', 100, 49),
(969, '1,2,3,4,5,6,7,8,9,10,11', 100, 49),
(970, '1,2,3,4,5,6,7,8,9,10,11', 100, 49),
(971, '1,2,3,4,5,6,7,8,9,10,11', 100, 49),
(972, '1,2,3,4,5,6,7,8,9,10,11', 100, 49),
(973, '1,2,3,4,5,6,7,8,9,10,11', 100, 49),
(974, '1,2,3,4,5,6,7,8,9,10,11', 100, 49),
(975, '1,2,3,4,5,6,7,8,9,10,11', 100, 49),
(976, '1,2,3,4,5,6,7,8,9,10,11', 100, 49),
(977, '1,2,3,4,5,6,7,8,9,10,11', 100, 49),
(978, '1,2,3,4,5,6,7,8,9,10,11', 100, 49),
(979, '1,2,3,4,5,6,7,8,9,10,11', 100, 49),
(980, '1,2,3,4,5,6,7,8,9,10,11', 100, 49),
(981, '1,2,3,4,5,6,7,8,9,10,11', 100, 49),
(982, '1,2,3,4,5,6,7,8,9,10,11', 100, 49),
(983, '1,2,3,4,5,6,7,8,9,10,11', 100, 49),
(984, '1,2,3,4,5,6,7,8,9,10,11', 100, 49),
(985, '1,2,3,4,5,6,7,8,9,10,11', 100, 49),
(986, '1,2,3,4,5,6,7,8,9,10,11', 100, 49),
(987, '1,2,3,4,5,6,7,8,9,10,11', 100, 49),
(988, '1,2,3,4,5,6,7,8,9,10,11', 100, 49),
(989, '1,2,3,4,5,6,7,8,9,10,11', 100, 49),
(990, '1,2,3,4,5,6,7,8,9,10,11', 100, 49),
(991, '1,2,3,4,5,6,7,8,9,10,11', 100, 49),
(992, '1,2,3,4,5,6,7,8,9,10,11', 100, 49),
(993, '1,2,3,4,5,6,7,8,9,10,11', 100, 49),
(994, '1,2,3,4,5,6,7,8,9,10,11', 100, 49),
(995, '1,2,3,4,5,6,7,8,9,10,11', 100, 49),
(996, '1,2,3,4,5,6,7,8,9,10,11', 100, 49),
(997, '1,2,3,4,5,6,7,8,9,10,11', 100, 49),
(998, '1,2,3,4,5,6,7,8,9,10,11', 100, 49),
(999, '1,2,3,4,5,6,7,8,9,10,11', 100, 49),
(1000, '1,2,3,4,5,6,7,8,9,10,11', 100, 49),
(1001, '1,2,3,4,5,6,7,8,9,10,11', 100, 49),
(1002, '1,2,3,4,5,6,7,8,9,10,11', 100, 49),
(1003, '1,2,3,4,5,6,7,8,9,10,11', 100, 49),
(1004, '1,2,3,4,5,6,7,8,9,10,11', 100, 49),
(1005, '1,2,3,4,5,6,7,8,9,10,11', 100, 49),
(1006, '1,2,3,4,5,6,7,8,9,10,11', 100, 49),
(1007, '1,2,3,4,5,6,7,8,9,10,11', 100, 49),
(1008, '1,2,3,4,5,6,7,8,9,10,11', 100, 49),
(1009, '1,2,3,4,5,6,7,8,9,10,11', 100, 49),
(1010, '1,2,3,4,5,6,7,8,9,10,11', 100, 49),
(1011, '1,2,3,4,5,6,7,8,9,10,11', 100, 49),
(1012, '1,2,3,4,5,6,7,8,9,10,11', 100, 49),
(1013, '1,2,3,4,5,6,7,8,9,10,11', 100, 49),
(1014, '1,2,3,4,5,6,7,8,9,10,11', 100, 49),
(1015, '1,2,3,4,5,6,7,8,9,10,11', 100, 49),
(1016, '1,2,3,4,5,6,7,8,9,10,11', 100, 49),
(1017, '1,2,3,4,5,6,7,8,9,10,11', 100, 49),
(1018, '1,2,3,4,5,6,7,8,9,10,11', 100, 49),
(1019, '1,2,3,4,5,6,7,8,9,10,11', 100, 49),
(1020, '1,2,3,4,5,6,7,8,9,10,11', 100, 49),
(1021, '1,2,3,4,5,6,7,8,9,10,11', 100, 49),
(1022, '1,2,3,4,5,6,7,8,9,10,11', 100, 49),
(1023, '1,2,3,4,5,6,7,8,9,10,11', 100, 49),
(1024, '1,2,3,4,5,6,7,8,9,10,11', 100, 49),
(1025, '1,2,3,4,5,6,7,8,9,10,11', 100, 49),
(1026, '1,2,3,4,5,6,7,8,9,10,11', 100, 49),
(1027, '1,2,3,4,5,6,7,8,9,10,11', 100, 49),
(1028, '1,2,3,4,5,6,7,8,9,10,11', 100, 49),
(1029, '1,2,3,4,5,6,7,8,9,10,11', 100, 49),
(1030, '1,2,3,4,5,6,7,8,9,10,11', 100, 49),
(1031, '1,2,3,4,5,6,7,8,9,10,11', 100, 49),
(1032, '1,2,3,4,5,6,7,8,9,10,11', 100, 49),
(1033, '1,2,3,4,5,6,7,8,9,10,11', 100, 49),
(1034, '1,2,3,4,5,6,7,8,9,10,11', 100, 49),
(1035, '1,2,3,4,5,6,7,8,9,10,11', 100, 49),
(1036, '1,2,3,4,5,6,7,8,9,10,11', 100, 49),
(1037, '1,2,3,4,5,6,7,8,9,10,11', 100, 49),
(1038, '1,2,3,4,5,6,7,8,9,10,11', 100, 49),
(1039, '1,2,3,4,5,6,7,8,9,10,11', 100, 49),
(1040, '1,2,3,4,5,6,7,8,9,10,11', 100, 49),
(1041, '1,2,3,4,5,6,7,8,9,10,11', 100, 49),
(1042, '1,2,3,4,5,6,7,8,9,10,11', 100, 49),
(1043, '1,2,3,4,5,6,7,8,9,10,11', 100, 49),
(1044, '1,2,3,4,5,6,7,8,9,10,11', 100, 49),
(1045, '1,2,3,4,5,6,7,8,9,10,11', 100, 49),
(1046, '1,2,3,4,5,6,7,8,9,10,11', 100, 49),
(1047, '1,2,3,4,5,6,7,8,9,10,11', 100, 49),
(1048, '1,2,3,4,5,6,7,8,9,10,11', 100, 49),
(1049, '1,2,3,4,5,6,7,8,9,10,11', 100, 49),
(1050, '1,2,3,4,5,6,7,8,9,10,11', 100, 49),
(1051, '1,2,3,4,5,6,7,8,9,10,11', 100, 49),
(1052, '1,2,3,4,5,6,7,8,9,10,11', 100, 49),
(1053, '1,2,3,4,5,6,7,8,9,10,11', 100, 49),
(1054, '1,2,3,4,5,6,7,8,9,10,11', 100, 49),
(1055, '1,2,3,4,5,6,7,8,9,10,11', 100, 49),
(1056, '1,2,3,4,5,6,7,8,9,10,11', 100, 49),
(1057, '1,2,3,4,5,6,7,8,9,10,11', 100, 49),
(1058, '1,2,3,4,5,6,7,8,9,10,11', 100, 49),
(1059, '1,2,3,4,5,6,7,8,9,10,11', 100, 49),
(1060, '1,2,3,4,5,6,7,8,9,10,11', 100, 49),
(1061, '1,2,3,4,5,6,7,8,9,10,11', 100, 49),
(1062, '1,2,3,4,5,6,7,8,9,10,11', 100, 49),
(1063, '1,2,3,4,5,6,7,8,9,10,11', 100, 49),
(1064, '1,2,3,4,5,6,7,8,9,10,11', 100, 49),
(1065, '1,2,3,4,5,6,7,8,9,10,11', 100, 49),
(1066, '1,2,3,4,5,6,7,8,9,10,11', 100, 49),
(1067, '1,2,3,4,5,6,7,8,9,10,11', 100, 49),
(1068, '1,2,3,4,5,6,7,8,9,10,11', 100, 49),
(1069, '1,2,3,4,5,6,7,8,9,10,11', 100, 49),
(1070, '1,2,3,4,5,6,7,8,9,10,11', 100, 49),
(1071, '1,2,3,4,5,6,7,8,9,10,11', 100, 49),
(1072, '1,2,3,4,5,6,7,8,9,10,11', 100, 49),
(1073, '1,2,3', 3, 51),
(1074, '1,2,3', 4, 51),
(1075, '1,2,3', 3, 51),
(1076, '1,2,3', 3, 51),
(1077, '1,2,3', 4, 51),
(1078, '1,2,3', 4, 51),
(1079, '1,2,3', 3, 51),
(1080, '1,2,3', 6, 51),
(1081, '1,2,3', 3, 51),
(1082, '1,2', 4, 51),
(1083, '1,2,3,2,3', 4, 51),
(1084, '1,2,3', 3, 51),
(1085, '1,2,3', 3, 51),
(1086, '1,2,3', 3, 51),
(1087, '1,2,3', 3, 51),
(1088, '1,2,3', 3, 51),
(1089, '1,2,3', 5, 51),
(1090, '1,2,3', 1, 51),
(1091, '1,2,3', 1, 51),
(1092, '1,2,3', 3, 51),
(1093, '1,2,3', 1, 51),
(1094, '1,2,3', 3, 51),
(1095, '1,2,3', 3, 51),
(1096, '1,2,3', 3, 51),
(1097, '1,2,3', 3, 51),
(1098, '1,2,3', 3, 51),
(1099, '1,2,3', 4, 51),
(1100, '1,2,3', 3, 51),
(1101, '1,2,3', 3, 51),
(1102, '1,2,3', 3, 51),
(1103, '1,2,1,2,1,2', 3, 52),
(1104, '1,2,3,2,1,3', 3, 51),
(1105, '1,2,3', 3, 51),
(1106, '1,2,3', 4, 51),
(1107, '1,2,3', 3, 51),
(1108, '1,2', 3, 51),
(1109, '1,2,3', 3, 51),
(1110, '1,2,3', 5, 51),
(1111, '1,4,3,2,5', 5, 53);

--
-- Ευρετήρια για άχρηστους πίνακες
--

--
-- Ευρετήρια για πίνακα `users`
--
ALTER TABLE `users`
  ADD PRIMARY KEY (`user_id`);

--
-- Ευρετήρια για πίνακα `user_rooms`
--
ALTER TABLE `user_rooms`
  ADD PRIMARY KEY (`user_rooms_id`),
  ADD KEY `user_id` (`user_id`);

--
-- Ευρετήρια για πίνακα `visitors`
--
ALTER TABLE `visitors`
  ADD PRIMARY KEY (`visitors_id`),
  ADD KEY `room_id` (`room_id`);

--
-- AUTO_INCREMENT για άχρηστους πίνακες
--

--
-- AUTO_INCREMENT για πίνακα `users`
--
ALTER TABLE `users`
  MODIFY `user_id` int(50) NOT NULL AUTO_INCREMENT, AUTO_INCREMENT=16;

--
-- AUTO_INCREMENT για πίνακα `user_rooms`
--
ALTER TABLE `user_rooms`
  MODIFY `user_rooms_id` int(50) NOT NULL AUTO_INCREMENT, AUTO_INCREMENT=54;

--
-- AUTO_INCREMENT για πίνακα `visitors`
--
ALTER TABLE `visitors`
  MODIFY `visitors_id` int(255) NOT NULL AUTO_INCREMENT, AUTO_INCREMENT=1112;

--
-- Περιορισμοί για άχρηστους πίνακες
--

--
-- Περιορισμοί για πίνακα `user_rooms`
--
ALTER TABLE `user_rooms`
  ADD CONSTRAINT `user_rooms_ibfk_1` FOREIGN KEY (`user_id`) REFERENCES `users` (`user_id`);

--
-- Περιορισμοί για πίνακα `visitors`
--
ALTER TABLE `visitors`
  ADD CONSTRAINT `room_id` FOREIGN KEY (`room_id`) REFERENCES `user_rooms` (`user_rooms_id`);
COMMIT;

/*!40101 SET CHARACTER_SET_CLIENT=@OLD_CHARACTER_SET_CLIENT */;
/*!40101 SET CHARACTER_SET_RESULTS=@OLD_CHARACTER_SET_RESULTS */;
/*!40101 SET COLLATION_CONNECTION=@OLD_COLLATION_CONNECTION */;
